City,Cloudiness (%),Country,Date,Humidity (%),Latitude,Longitude,Max Temp (F),Wind Speed (mph)
Chui,1,UY,1581401101,78,-33.7,-53.46,62.4,3.83
Butaritari,100,KI,1581401102,80,3.07,172.79,84.06,18.68
Keetmanshoop,0,NA,1581401102,43,-26.58,18.13,71.6,3.36
Kaitangata,57,NZ,1581401102,71,-46.28,169.85,61.0,1.01
Altay,100,CN,1581401103,96,47.87,88.12,23.31,3.65
Shubarshi,98,KZ,1581401103,74,48.59,57.19,14.11,7.54
Kawalu,99,ID,1581401103,56,-7.38,108.21,84.85,7.14
Labytnangi,100,RU,1581401103,96,66.66,66.42,10.85,6.89
Saint-Augustin,100,CA,1581401104,95,51.23,-58.65,19.2,7.52
Guerrero Negro,34,MX,1581401104,64,27.98,-114.06,56.84,10.47
Avenal,1,US,1581401104,60,36.0,-120.13,45.0,3.36
Mataura,49,NZ,1581401105,85,-46.19,168.86,55.99,10.0
Muli,98,MV,1581401105,76,2.92,73.57,82.36,20.13
Yanam,40,IN,1581401105,65,16.73,82.22,80.6,16.11
Beruwala,1,LK,1581401106,57,6.48,79.98,85.84,6.11
Castro,76,BR,1581401106,95,-24.79,-50.01,58.39,5.84
Litovko,100,RU,1581401106,90,49.24,135.17,8.13,7.87
Manicore,3,BR,1581401106,98,-5.81,-61.3,72.45,0.94
Luquillo,40,PR,1581401106,69,18.37,-65.72,80.6,9.17
Kenai,1,US,1581401107,52,60.55,-151.26,16.0,5.82
Bemidji,90,US,1581401107,85,47.47,-94.88,19.4,10.29
Rikitea,0,PF,1581401107,77,-23.12,-134.97,79.5,18.84
Albany,90,US,1581401107,100,42.6,-73.97,36.0,0.89
Ushuaia,40,AR,1581401108,93,-54.8,-68.3,48.2,4.74
Tuktoyaktuk,20,CA,1581401108,74,69.45,-133.04,-23.8,14.99
Yellowknife,5,CA,1581401077,75,62.46,-114.35,-16.01,6.93
Poum,100,NC,1581401108,83,-20.23,164.02,82.38,39.66
Kununurra,75,AU,1581401108,88,-15.77,128.73,78.8,10.29
Cherskiy,0,RU,1581401109,53,68.75,161.3,-12.64,10.0
Vanavara,100,RU,1581401109,89,60.34,102.28,-1.89,11.92
Kiama,40,AU,1581401109,88,-34.68,150.87,73.99,4.7
Bay Roberts,90,CA,1581401109,100,47.6,-53.26,32.0,19.46
Naze,75,JP,1581401110,55,28.37,129.48,64.4,4.7
Bluff,71,NZ,1581401110,85,-46.6,168.33,55.99,10.0
Leninskiy,100,RU,1581401111,95,54.28,37.46,28.22,22.7
Vaini,75,TO,1581401111,83,-21.2,-175.2,82.4,8.05
Anadyr,100,RU,1581401112,70,64.75,177.48,-4.0,6.71
Cape Town,1,ZA,1581401080,88,-33.93,18.42,73.0,10.29
Kumul,2,CN,1581401113,48,42.8,93.45,30.92,0.96
Liverpool,75,GB,1581401069,60,53.41,-2.98,43.0,28.86
Vao,100,NC,1581401114,82,-22.67,167.48,78.55,30.96
Ribeira Grande,74,PT,1581401114,90,38.52,-28.7,57.92,7.23
Esparta,17,HN,1581401114,97,15.74,-87.18,63.55,2.86
Busselton,2,AU,1581401114,17,-33.65,115.33,91.99,12.39
Vostok,2,RU,1581401115,76,46.49,135.88,22.95,4.21
Gumdag,100,TM,1581401115,37,39.21,54.59,34.95,18.7
Waipawa,0,NZ,1581401115,64,-41.41,175.52,68.0,11.41
Pimentel,16,PE,1581401115,29,-6.84,-79.93,66.2,3.36
Carnarvon,16,AU,1581401116,69,-24.87,113.63,80.6,14.99
Qaqortoq,49,GL,1581401116,61,60.72,-46.03,14.0,1.12
Qaanaaq,0,GL,1581401116,73,77.48,-69.36,-12.1,2.64
Jieshi,74,CN,1581401117,77,22.81,115.83,66.0,11.52
Torbay,90,CA,1581401113,100,47.67,-52.73,32.0,19.46
Caravelas,51,BR,1581401117,87,-17.71,-39.25,80.4,19.22
Chute-aux-Outardes,1,CA,1581401117,92,49.12,-68.4,23.0,3.36
Areosa,75,PT,1581401117,100,41.72,-8.86,57.0,2.24
Bonga,0,ET,1581401118,48,7.28,36.23,69.96,0.78
Southbridge,40,US,1581401118,100,42.08,-72.03,42.01,3.36
Avarua,100,CK,1581401118,88,-21.21,-159.78,80.6,3.36
Taviano,5,IT,1581401118,93,39.98,18.09,54.0,10.29
Constitucion,0,CL,1581401119,75,-35.33,-72.42,58.39,4.0
Shelburne,90,CA,1581400825,100,44.08,-80.2,28.99,3.22
San Andres,40,CO,1581401037,78,12.58,-81.7,80.6,11.41
Leh,47,IN,1581400871,43,34.17,77.58,6.03,0.6
Punta Arenas,100,CL,1581401088,75,-53.15,-70.92,44.6,2.24
Hobart,75,AU,1581400820,73,-42.88,147.33,72.0,10.29
Arraial do Cabo,100,BR,1581401120,93,-22.97,-42.03,75.09,8.25
Port-Gentil,75,GA,1581401120,94,-0.72,8.78,80.6,1.12
Ardmore,90,US,1581401121,80,34.17,-97.14,39.99,6.93
Mahebourg,40,MU,1581401121,94,-20.41,57.7,81.0,13.87
Salalah,75,OM,1581401121,69,17.02,54.09,73.4,3.36
Nemuro,20,JP,1581401121,50,43.32,145.57,28.4,8.05
Yate,75,GB,1581401122,74,51.54,-2.42,43.0,27.51
Jamestown,90,US,1581401073,95,42.1,-79.24,33.8,3.36
Port Alfred,0,ZA,1581401122,81,-33.59,26.89,72.0,3.0
Hermanus,1,ZA,1581401122,79,-34.42,19.23,72.0,5.99
Kahului,40,US,1581401123,88,20.89,-156.47,64.4,3.36
Kapaa,75,US,1581401123,88,22.08,-159.32,66.2,11.41
Barrow,1,US,1581401123,98,71.29,-156.79,-38.2,10.29
Kenora,89,CA,1581401123,78,49.82,-94.43,12.2,5.82
Sao Filipe,10,CV,1581401124,62,14.9,-24.5,70.27,14.72
Alice Springs,20,AU,1581401059,13,-23.7,133.88,100.4,10.29
Saint George,1,US,1581401125,34,37.1,-113.58,46.4,8.05
Cidreira,71,BR,1581401125,60,-30.18,-50.21,73.29,10.6
Longyearbyen,20,SJ,1581401125,65,78.22,15.64,8.6,21.92
Laguna,1,US,1581401125,29,38.42,-121.42,66.2,13.87
Villa Carlos Paz,2,AR,1581401126,93,-31.42,-64.5,66.99,5.82
Norman Wells,20,CA,1581401126,83,65.28,-126.83,-5.8,5.82
Saint-Pierre,90,RE,1581401126,94,-21.34,55.48,86.0,18.34
Bredasdorp,38,ZA,1581401126,82,-34.53,20.04,72.0,6.93
Mossamedes,19,AO,1581401126,74,-15.2,12.15,73.96,3.49
Okhotsk,0,RU,1581401127,77,59.38,143.3,-5.55,4.85
Mount Isa,0,AU,1581401127,18,-20.73,139.5,96.8,8.05
Lebu,8,CL,1581401127,79,-37.62,-73.65,56.8,7.43
Adrar,62,MR,1581401127,15,20.5,-10.07,63.07,7.56
Rocky Mountain House,100,CA,1581401128,79,52.37,-114.92,23.74,4.32
Kruisfontein,0,ZA,1581401128,65,-34.0,24.73,68.02,8.88
Thinadhoo,9,MV,1581401128,80,0.53,72.93,82.63,19.24
Esso,86,RU,1581401128,93,55.93,158.7,0.0,5.68
Avera,90,US,1581401128,87,33.19,-82.53,66.0,4.7
Korla,11,CN,1581400919,90,41.76,86.15,28.0,3.02
Golden,90,US,1581400903,85,39.76,-105.22,24.8,4.7
Ust-Kuyga,0,RU,1581401129,62,70.02,135.6,-26.41,5.39
Atuona,0,PF,1581401129,69,-9.8,-139.03,81.16,16.58
Isangel,75,VU,1581401129,84,-19.55,169.27,86.0,9.17
Ostrovnoy,68,RU,1581401130,94,68.05,39.51,34.05,23.87
Bethel,90,US,1581401130,100,41.37,-73.41,44.01,3.36
New Norfolk,75,AU,1581401131,73,-42.78,147.06,72.0,10.29
Coquimbo,20,CL,1581401131,87,-29.95,-71.34,60.8,2.19
Egvekinot,7,RU,1581401132,83,66.32,-179.17,-19.68,3.85
Ponte de Sor,75,PT,1581401132,96,39.25,-8.01,53.01,3.71
Dikson,0,RU,1581401132,92,73.51,80.55,-18.06,9.28
Puerto Leguizamo,77,CO,1581401133,59,-0.19,-74.78,78.51,1.54
Dunedin,52,NZ,1581401025,71,-45.87,170.5,61.0,1.01
Gaevle,100,SE,1581401134,72,60.67,17.14,34.0,5.01
Bhawanigarh,88,IN,1581401135,46,30.27,76.03,63.7,5.41
Fort Nelson,90,CA,1581401135,92,58.81,-122.7,30.2,3.36
Seoul,1,KR,1581401094,20,37.57,126.98,57.2,3.36
Arrondissement de Soissons,75,FR,1581401135,80,49.33,3.33,41.0,27.51
Margate,0,GB,1581401135,69,51.38,1.39,41.0,24.16
Kodiak,1,US,1581401136,39,57.79,-152.41,28.4,5.82
Souillac,40,MU,1581401136,94,-20.52,57.52,81.0,13.87
Northam,97,GB,1581401136,67,51.03,-4.22,42.01,14.0
Gillette,1,US,1581401137,92,44.29,-105.5,18.0,12.75
Srednekolymsk,9,RU,1581401137,50,67.45,153.68,-20.34,1.92
Pevek,0,RU,1581401137,76,69.7,170.31,-18.89,4.36
Kondinskoye,99,RU,1581401137,93,59.65,67.41,7.25,12.71
Khatanga,50,RU,1581401137,97,71.97,102.5,-31.49,2.01
Tuatapere,58,NZ,1581401138,85,-46.13,167.68,55.99,10.0
Cabo San Lucas,75,MX,1581400995,77,22.89,-109.91,66.0,3.36
Karlstad,40,SE,1581401138,83,59.38,13.5,35.01,6.93
Pisco,90,PE,1581401138,83,-13.7,-76.22,70.0,3.36
Port Townsend,90,US,1581401139,86,48.12,-122.76,41.0,2.21
Sergeevka,100,KZ,1581401139,90,53.88,67.42,3.58,17.02
Kalabo,65,ZM,1581401139,91,-14.97,22.68,69.19,8.86
Ahipara,24,NZ,1581401139,63,-35.17,173.17,75.0,1.01
Narsaq,28,GL,1581401140,61,60.92,-46.05,14.0,1.12
Galich,100,RU,1581401140,89,58.38,42.35,24.78,13.29
Tahe,20,CN,1581400852,84,52.33,124.73,21.07,3.91
Maple Creek,19,CA,1581401140,69,49.92,-109.48,21.36,9.78
Hilo,20,US,1581401053,56,19.73,-155.09,73.4,9.17
Geraldton,35,AU,1581401140,36,-28.77,114.6,95.0,10.29
Nizwa,45,OM,1581401141,46,22.93,57.53,65.5,4.88
Sitka,90,US,1581401141,86,57.05,-135.33,41.0,20.8
Esperance,90,AU,1581401141,77,-33.87,121.9,66.2,10.29
Puerto Ayora,81,EC,1581401141,86,-0.74,-90.35,77.4,7.27
Kabala,8,SL,1581401142,85,9.58,-11.55,62.49,1.12
Yichang,24,CN,1581401142,61,30.71,111.28,59.16,5.95
Santo Tomas,20,PH,1581401142,51,14.11,121.14,86.0,11.41
Lagoa,70,PT,1581401142,82,39.05,-27.98,61.75,12.35
Sobolevo,100,RU,1581401142,99,54.43,31.9,32.68,4.09
Najran,20,SA,1581401143,44,17.49,44.13,60.8,4.7
Bathsheba,75,BB,1581401143,78,13.22,-59.52,77.0,24.16
Yar-Sale,100,RU,1581401143,93,66.83,70.83,11.71,15.79
Ukiah,1,US,1581401143,70,39.15,-123.21,53.01,4.7
Lompoc,1,US,1581401086,52,34.64,-120.46,50.0,3.36
Shimoda,20,JP,1581401144,46,34.67,138.95,50.0,6.93
Thompson,90,CA,1581400977,84,55.74,-97.86,6.8,2.24
Deputatsky,0,RU,1581401144,73,69.3,139.9,-35.12,1.74
Comodoro Rivadavia,35,AR,1581401144,93,-45.87,-67.5,57.2,6.91
Sao Jose da Coroa Grande,5,BR,1581401145,79,-8.9,-35.15,81.09,13.71
Kiunga,67,PG,1581401145,93,-6.12,141.29,82.87,5.01
Fukuecho,75,JP,1581401145,62,32.69,128.84,57.2,6.93
Tabuk,32,PH,1581401145,63,17.42,121.44,78.44,8.39
Alofi,100,NU,1581401145,83,-19.06,-169.92,78.8,8.05
Saint-Francois,41,FR,1581401146,61,46.42,3.91,46.99,8.05
Vardo,75,NO,1581401146,93,70.37,31.11,35.6,10.29
Moose Factory,90,CA,1581401146,79,51.26,-80.61,23.0,11.41
Leningradskiy,0,RU,1581401146,83,69.38,178.42,-21.84,7.27
Broome,90,US,1581401147,86,42.25,-75.83,36.0,6.93
Kapit,63,MY,1581401147,47,2.02,112.93,90.66,3.11
Yerofey Pavlovich,100,RU,1581401147,93,53.97,121.97,6.82,1.61
Afsin,39,TR,1581401147,55,38.25,36.91,3.52,0.34
George Town,20,MY,1581401148,70,5.41,100.34,87.8,5.82
Gornopravdinsk,100,RU,1581401148,92,60.05,69.9,10.24,10.36
Mendi,64,PG,1581401148,91,-6.18,143.65,64.62,3.31
Annau,90,TM,1581401148,92,37.89,58.52,32.0,4.7
Gizo,100,SB,1581401148,86,-8.1,156.84,79.02,10.89
Hasaki,20,JP,1581401149,29,35.73,140.83,54.0,9.17
Saint-Leu,90,RE,1581401149,94,-21.15,55.28,86.0,18.34
Chatellerault,90,FR,1581401149,93,46.8,0.53,46.99,12.75
Diego de Almagro,8,CL,1581401149,60,-26.37,-70.05,55.36,0.27
Nikolskoye,90,RU,1581401150,80,59.7,30.79,39.2,15.66
Pozo Colorado,8,PY,1581401151,49,-23.49,-58.8,75.63,6.38
Dubovskoye,0,RU,1581401151,67,47.41,42.76,23.67,12.59
Shirokiy,79,RU,1581401151,89,49.76,129.52,17.64,11.92
Baykit,69,RU,1581401152,87,61.67,96.37,-5.6,3.91
Cabra,8,ES,1581401152,93,37.47,-4.44,50.0,1.12
Mahibadhoo,68,MV,1581401152,76,3.78,72.97,82.17,21.63
Dingle,52,PH,1581401153,69,11.0,122.67,80.65,15.59
Athabasca,100,CA,1581401153,97,54.72,-113.29,28.6,9.84
Port Elizabeth,0,ZA,1581400985,82,-33.92,25.57,68.0,9.17
Mar del Plata,20,AR,1581400955,93,-38.0,-57.56,64.0,2.24
Ouadda,6,CF,1581401154,19,8.08,22.4,65.25,9.04
East London,20,ZA,1581401154,82,-33.02,27.91,68.0,3.36
Saskylakh,99,RU,1581401154,97,71.92,114.08,-19.95,9.64
Dhidhdhoo,89,MV,1581401154,77,6.88,73.1,82.27,19.26
Alyangula,97,AU,1581401155,47,-13.85,136.42,96.8,8.05
Kieta,96,PG,1581401155,76,-6.22,155.63,83.97,11.74
Nyurba,96,RU,1581400883,91,63.28,118.33,-5.28,8.68
Nampula,75,MZ,1581401155,83,-15.12,39.27,78.8,5.82
Sterling,90,US,1581400936,100,39.01,-77.43,51.01,4.45
Borogontsy,100,RU,1581401156,94,62.67,131.17,5.79,7.07
Arman,23,RU,1581401156,77,59.7,150.17,3.15,10.33
Itarema,70,BR,1581401156,96,-2.92,-39.92,73.9,2.98
Gracac,20,HR,1581401157,93,44.3,15.85,57.0,5.82
Flin Flon,100,CA,1581401157,89,54.77,-101.86,22.55,13.24
Upernavik,96,GL,1581401157,84,72.79,-56.15,-7.65,5.79
Cheremkhovo,100,RU,1581401157,88,53.16,103.07,13.05,10.94
Oodweyne,0,SO,1581401158,47,9.41,45.06,69.06,7.16
Vanimo,67,PG,1581401158,79,-2.67,141.3,82.69,20.45
Bartlesville,90,US,1581401158,93,36.75,-95.98,41.0,4.7
Raja,0,SS,1581401158,22,8.46,25.68,61.72,9.95
Mareeba,90,AU,1581401159,70,-17.0,145.43,93.0,10.29
Malindi,40,KE,1581401159,88,-3.22,40.12,80.6,3.74
Tual,100,ID,1581401159,79,-5.67,132.75,82.24,14.32
Tasiilaq,100,GL,1581401159,73,65.61,-37.64,26.6,1.12
Trelew,26,AR,1581401159,41,-43.25,-65.31,72.95,18.34
Benjamin Hill,72,MX,1581401160,92,30.17,-111.1,42.01,7.96
Puerto Narino,59,CO,1581401160,100,-3.77,-70.38,77.0,0.54
Chokurdakh,50,RU,1581401160,71,70.63,147.92,-24.7,3.22
Cabral,13,DO,1581401160,74,18.25,-71.22,78.66,17.56
Mecca,13,SA,1581401161,21,21.43,39.83,67.21,8.77
Codrington,100,AU,1581401161,96,-38.27,141.97,64.83,14.83
Pierre,90,US,1581401016,79,44.37,-100.35,25.0,9.17
Nushki,81,PK,1581401161,35,29.55,66.02,65.82,9.04
Bambous Virieux,40,MU,1581401161,94,-20.34,57.76,81.0,13.87
Vila Franca do Campo,75,PT,1581401161,77,37.72,-25.43,62.6,5.82
Doka,0,SD,1581401162,58,13.52,35.77,64.02,9.51
Tongliao,0,CN,1581401162,70,43.61,122.27,42.57,19.48
Port Lincoln,100,AU,1581401162,74,-34.73,135.87,67.8,17.0
Iquitos,41,PE,1581401162,94,-3.75,-73.25,75.2,3.36
Acarau,70,BR,1581401162,96,-2.89,-40.12,73.9,2.98
Wanaka,40,NZ,1581401163,49,-44.7,169.15,65.82,3.44
Bengkulu,0,ID,1581401163,50,-3.8,102.27,88.93,6.82
Ponta do Sol,75,PT,1581401163,93,32.67,-17.1,60.01,6.93
Blythe,20,US,1581401163,87,33.61,-114.6,53.6,3.36
Viedma,0,AR,1581401164,72,-40.81,-63.0,63.84,14.23
Bubaque,0,GW,1581401164,66,11.28,-15.83,78.94,3.87
Abonnema,90,NG,1581401164,94,4.71,6.79,71.6,3.83
Iqaluit,20,CA,1581401165,66,63.75,-68.51,-29.0,11.41
Corrales,90,US,1581401165,83,35.24,-106.61,42.8,20.8
Clyde River,90,CA,1581401165,83,70.47,-68.59,-9.4,14.99
San Cristobal,40,VE,1581401165,51,7.77,-72.22,80.6,4.7
Sarangani,100,PH,1581401165,77,5.4,125.46,80.51,28.77
Marang,40,MY,1581401166,74,5.21,103.21,86.0,8.05
Derazhnya,0,UA,1581401166,86,49.27,27.43,31.93,10.71
Portobelo,40,PA,1581401166,83,9.55,-79.65,78.8,3.36
Khandyga,100,RU,1581401166,93,62.67,135.6,4.82,7.27
Shingu,40,JP,1581401167,37,33.73,135.98,51.8,13.87
Shizunai,24,JP,1581401167,71,42.33,142.37,26.71,9.57
Jiwani,17,PK,1581401167,64,25.05,61.74,71.62,8.46
Maketu,0,NZ,1581401167,61,-37.77,176.45,79.0,4.81
Chernyshevskiy,100,RU,1581401168,92,63.01,112.47,-4.41,10.04
Sao Felix do Xingu,69,BR,1581401168,97,-6.64,-51.99,70.21,1.43
Banda Aceh,24,ID,1581401168,63,5.56,95.32,86.41,8.28
Abalak,89,RU,1581401168,90,58.13,68.59,9.1,9.48
Zachary,75,US,1581401169,94,30.65,-91.16,72.0,14.99
San Patricio,0,MX,1581401169,79,19.22,-104.7,76.55,4.07
Ballina,62,AU,1581401169,94,-28.87,153.57,80.6,8.05
Winona,1,US,1581401169,85,43.97,-91.77,21.2,10.29
Ikom,0,NG,1581401170,53,5.97,8.71,63.95,2.1
Ambilobe,13,MG,1581401170,74,-13.2,49.05,84.29,1.72
Hithadhoo,8,MV,1581401170,79,-0.6,73.08,83.14,16.58
Mayya,75,RU,1581401171,84,61.73,130.28,5.0,4.47
Vila,90,PT,1581401171,100,42.03,-8.16,57.0,5.82
Vila Velha,75,BR,1581401172,94,-20.33,-40.29,78.8,4.7
Grand Gaube,40,MU,1581401172,94,-20.01,57.66,81.0,13.87
Pitanga,21,BR,1581401172,94,-24.76,-51.76,60.44,6.38
Gualdo Tadino,35,IT,1581401173,87,43.23,12.78,62.01,6.93
Black Diamond,1,US,1581401173,100,47.31,-122.0,39.99,2.15
Grindavik,75,IS,1581401173,73,63.84,-22.43,33.8,27.51
Saldanha,0,ZA,1581401174,82,-33.01,17.94,62.6,5.82
Monze,95,ZM,1581401174,93,-16.28,27.48,68.85,7.78
Camacha,75,PT,1581401174,77,33.08,-16.33,60.8,5.82
Wajir,0,KE,1581401175,58,1.75,40.06,82.51,13.22
Rognan,75,NO,1581401175,86,67.1,15.39,39.2,17.22
Chapais,90,CA,1581401175,85,49.78,-74.85,12.2,9.17
Tiksi,5,RU,1581401175,90,71.69,128.87,-25.85,4.52
Pringsewu,7,ID,1581401175,47,-5.36,104.97,91.0,3.11
Nicoya,49,CR,1581401176,65,10.15,-85.45,78.8,11.41
Yulara,2,AU,1581401176,12,-25.24,130.99,104.0,6.93
Klyuchi,0,RU,1581401176,92,52.27,79.17,-2.45,8.3
Tabou,92,CI,1581401176,92,4.42,-7.35,75.25,0.49
Ferkessedougou,71,CI,1581401177,17,9.6,-5.2,76.05,4.59
Solnechnyy,98,RU,1581401177,91,50.72,136.63,8.89,5.46
Alpine,1,US,1581401177,93,32.84,-116.77,53.6,3.4
Jatiroto,40,ID,1581401112,74,-7.88,111.12,86.0,8.05
Banjar,20,ID,1581401177,79,-8.19,114.97,87.8,10.29
Charlestown,20,AU,1581401178,69,-32.95,151.67,82.99,17.22
Te Anau,62,NZ,1581401178,70,-45.42,167.72,61.7,4.81
Kontagora,9,NG,1581401178,12,10.4,5.47,72.9,9.55
Porto-Novo,40,BJ,1581401178,94,6.5,2.6,78.8,2.24
Nanortalik,100,GL,1581401179,84,60.14,-45.24,18.59,16.06
Pavlodar,0,KZ,1581400967,84,52.3,76.95,-2.2,4.47
Bandarbeyla,94,SO,1581401179,68,9.49,50.81,76.6,13.22
Hong Kong,40,HK,1581401124,68,22.29,114.16,73.99,16.11
Jiazi,74,CN,1581401180,63,22.88,116.07,72.14,11.52
Lorengau,92,PG,1581401180,76,-2.02,147.27,83.53,16.04
Huarmey,100,PE,1581401180,79,-10.07,-78.15,70.83,3.8
Hornepayne,100,CA,1581401181,91,49.21,-84.77,21.63,8.59
Airai,80,TL,1581401181,84,-8.93,125.41,75.99,2.8
Faanui,3,PF,1581401181,81,-16.48,-151.75,82.22,13.09
Klaksvik,58,FO,1581401181,68,62.23,-6.59,33.8,8.05
Muscat,50,OM,1581400985,61,23.61,58.59,77.0,4.5
San Miguel de Tucuman,80,AR,1581401018,93,-26.82,-65.22,66.2,2.24
Sevierville,90,US,1581401182,100,35.87,-83.56,54.0,6.38
Berlevag,75,NO,1581401182,87,70.86,29.09,32.0,9.17
Akdepe,0,TM,1581401182,62,42.06,59.38,28.4,11.41
Harper,92,LR,1581401182,92,4.38,-7.72,75.25,0.49
Sambava,47,MG,1581401183,56,-14.27,50.17,86.4,2.13
Privolzhsk,100,RU,1581401183,89,57.38,41.29,26.8,18.88
Zhezkazgan,0,KZ,1581401183,84,47.8,67.71,-0.4,4.47
Moron,0,AR,1581401043,87,-34.65,-58.62,69.8,3.36
Noumea,99,NC,1581401184,88,-22.28,166.46,82.99,10.29
Orange,1,US,1581401184,100,33.7,-117.77,66.2,3.36
Buala,100,SB,1581401184,84,-8.14,159.59,80.31,10.42
Bezhetsk,100,RU,1581401184,97,57.79,36.7,36.09,12.35
Liepaja,90,LV,1581401185,93,56.54,21.04,41.0,16.11
Road Town,1,VG,1581401096,65,18.42,-64.62,78.8,10.29
Coahuayana Viejo,35,MX,1581401185,89,18.73,-103.68,69.19,3.13
Nantucket,90,US,1581401185,96,41.28,-70.1,44.6,11.03
Xixiang,0,CN,1581401185,24,35.16,112.86,61.65,2.39
Khovd,13,MN,1581401186,46,48.01,91.64,36.12,6.4
Oktyabrskoye,40,RU,1581401186,77,43.06,44.74,-2.2,2.24
Betafo,43,MG,1581401186,56,-19.83,46.85,69.58,4.65
Taltal,65,CL,1581401186,89,-25.4,-70.48,59.58,5.44
Port Macquarie,90,AU,1581401187,78,-31.43,152.92,80.6,13.87
Lata,75,PT,1581401187,100,40.16,-8.33,55.99,3.36
Burnie,99,AU,1581401187,70,-41.07,145.92,78.01,8.99
Garni,21,AM,1581401187,44,40.12,44.73,17.6,3.36
Tornio,75,FI,1581401188,97,65.85,24.13,32.0,10.29
Haapiti,40,PF,1581401188,70,-17.57,-149.87,84.2,3.36
Kodinar,0,IN,1581401188,29,20.79,70.7,88.57,10.11
Puerto Escondido,8,MX,1581401188,68,15.85,-97.07,70.56,4.05
Westport,90,US,1581401161,87,41.14,-73.36,45.0,3.36
Acapulco de Juarez,5,MX,1581400916,78,16.86,-99.89,78.8,3.36
Trinidad,100,BO,1581401189,97,-14.83,-64.9,71.01,3.85
Rorvik,40,NO,1581401190,86,64.86,11.24,37.4,10.29
Richards Bay,45,ZA,1581401191,69,-28.78,32.04,75.7,15.57
Cap-aux-Meules,90,CA,1581401192,92,47.38,-61.86,26.6,21.92
Okahandja,4,NA,1581401193,40,-21.98,16.92,75.0,5.82
Nisia Floresta,20,BR,1581401194,78,-6.09,-35.21,82.4,10.29
Truckee,1,US,1581401194,68,39.33,-120.18,39.0,4.32
Mountain Home,1,US,1581401194,58,43.13,-115.69,33.8,5.82
Silveira,40,PT,1581401194,93,39.11,-9.36,57.0,3.36
Aklavik,75,CA,1581401194,75,68.22,-135.01,-18.4,2.24
Hamilton,90,US,1581400934,91,39.18,-84.53,37.4,3.36
Taoudenni,100,ML,1581401195,22,22.68,-3.98,68.9,6.13
Kushmurun,82,KZ,1581401195,89,52.45,64.63,5.2,15.52
Brownsville,90,US,1581401195,83,25.9,-97.5,75.0,12.75
Luderitz,0,NA,1581401195,77,-26.65,15.16,64.4,2.24
Gao,0,ML,1581401196,15,16.64,1.64,66.24,14.18
Cabadiangan,22,PH,1581401196,58,9.75,122.47,84.79,18.07
Khrebtovaya,55,RU,1581401196,85,56.7,104.25,5.54,10.25
Port Blair,0,IN,1581401196,77,11.67,92.75,81.23,18.32
Zhigalovo,100,RU,1581401197,83,54.81,105.16,7.97,8.03
Zhigansk,100,RU,1581401197,95,66.77,123.37,-1.91,6.11
Bima,86,ID,1581401197,78,-8.47,118.72,82.45,2.59
Port Hawkesbury,90,CA,1581401197,94,45.62,-61.35,33.01,17.22
Kavaratti,40,IN,1581401198,70,10.57,72.64,84.2,4.7
Panlaitan,0,PH,1581401198,60,12.12,119.85,83.86,10.33
Cabedelo,20,BR,1581401198,88,-6.98,-34.83,78.8,5.82
Kupang,40,ID,1581401199,79,-10.17,123.58,84.2,10.29
Zhob,100,PK,1581400934,55,31.34,69.45,47.39,7.58
Pitimbu,20,BR,1581401199,88,-7.47,-34.81,78.8,5.82
Chifeng,0,CN,1581400983,17,42.27,118.96,50.09,17.56
Muros,75,ES,1581401199,93,42.78,-9.06,57.0,4.7
Pokhara,0,NP,1581401178,33,28.23,83.98,70.84,3.94
Eilat,20,IL,1581401202,71,29.56,34.95,50.0,4.59
Fohnsdorf,96,AT,1581401202,86,47.22,14.68,42.01,5.82
Kaduna,7,NG,1581400973,13,10.52,7.44,66.97,14.74
Natal,20,BR,1581401202,78,-5.79,-35.21,82.4,10.29
Collie,0,AU,1581401203,17,-33.37,116.15,91.99,4.47
Medea,20,DZ,1581401203,100,36.26,2.75,41.0,3.36
Ilulissat,0,GL,1581401164,49,69.22,-51.1,-0.4,12.75
Ignacio Zaragoza,100,MX,1581401203,46,28.38,-107.22,45.39,30.02
Severo-Kuril'sk,100,RU,1581401203,89,50.68,156.12,19.92,26.04
Talaya,33,RU,1581401204,45,61.38,152.75,-20.09,0.65
Mragowo,75,PL,1581401204,83,53.86,21.31,33.8,11.41
Talnakh,20,RU,1581401204,75,69.49,88.4,-16.6,6.71
Vidim,20,RU,1581401204,85,56.41,103.11,4.46,9.57
Batagay-Alyta,100,RU,1581401205,96,67.8,130.41,-23.12,4.12
Brae,27,GB,1581401205,65,60.4,-1.35,42.8,12.75
Lichinga,98,MZ,1581401205,83,-13.31,35.24,73.38,2.53
Cayenne,71,GF,1581401206,94,4.93,-52.33,75.2,9.17
Makarov,8,RU,1581401206,78,48.63,142.8,19.42,9.82
Macusani,100,PE,1581401206,95,-14.08,-70.43,36.05,3.11
Zeya,100,RU,1581401206,88,53.75,127.27,11.84,9.01
Romitan,75,UZ,1581401206,86,39.93,64.38,33.8,9.17
Cascais,40,PT,1581400928,93,38.7,-9.42,57.0,3.36
Charyshskoye,100,RU,1581401207,94,51.4,83.56,4.95,5.53
Sawtell,75,AU,1581401207,88,-30.38,153.1,82.4,5.82
Shipley,40,GB,1581401208,73,53.83,-1.77,41.0,31.09
Saint-Philippe,90,RE,1581401208,94,-21.36,55.77,86.0,18.34
Yangi Marg`ilon,75,UZ,1581401208,87,40.43,71.72,44.6,6.93
Kaeo,0,NZ,1581401208,63,-35.1,173.78,75.0,1.01
Imeni Poliny Osipenko,100,RU,1581401209,89,52.42,136.49,5.47,7.76
Nuevo Progreso,27,MX,1581401209,93,23.17,-97.95,72.0,1.99
Coyhaique,67,CL,1581401209,76,-45.58,-72.07,57.2,5.82
Nefteyugansk,40,RU,1581401210,78,61.1,72.6,14.0,11.18
Timra,100,SE,1581401210,86,62.49,17.33,36.0,2.24
Kyra,41,RU,1581401211,74,49.58,111.98,31.87,3.02
Beitbridge,100,ZW,1581401211,90,-22.22,30.0,69.04,24.18
Dwarka,0,IN,1581401211,51,22.24,68.97,75.88,11.39
Baruun-Urt,100,MN,1581401212,72,46.68,113.28,25.12,16.53
Asau,44,RO,1581401212,80,46.43,26.4,34.0,3.36
Ulaangom,98,MN,1581401213,82,49.98,92.07,14.88,2.48
Provideniya,75,RU,1581401213,70,64.38,-173.3,-4.0,17.9
Byron Bay,75,AU,1581401103,83,-28.65,153.62,82.0,11.41
Fethiye,75,TR,1581401213,75,36.62,29.12,44.6,8.05
Knittelfeld,75,AT,1581401214,80,47.22,14.82,42.01,2.24
Anloga,20,GH,1581401214,94,5.79,0.9,78.8,1.12
Bafoulabe,0,ML,1581401214,14,13.81,-10.83,67.78,2.37
Barentu,36,ER,1581401214,63,15.11,37.59,61.47,4.83
Kagoro,2,NG,1581401215,15,9.6,8.38,67.69,9.33
Haines Junction,100,CA,1581401215,95,60.75,-137.51,14.32,9.28
Belmonte,40,BR,1581401215,83,-15.86,-38.88,78.8,6.93
Saint-Joseph,90,RE,1581401215,94,-21.37,55.62,86.0,18.34
Rio Gallegos,95,AR,1581401216,58,-51.62,-69.22,55.4,25.28
Kiruna,75,SE,1581401216,80,67.86,20.23,30.2,9.17
Nabire,100,ID,1581401216,89,-3.37,135.48,80.73,2.68
Tagusao,45,PH,1581401216,69,9.19,117.81,81.28,13.4
College,90,US,1581401217,83,64.86,-147.8,-4.0,5.82
Agirish,92,RU,1581401217,90,61.92,63.02,18.73,9.04
Port Hedland,0,AU,1581401217,59,-20.32,118.57,89.6,14.99
Meiktila,0,MM,1581401217,27,20.87,95.87,85.96,6.08
Dalby,75,AU,1581401217,78,-27.18,151.27,77.0,9.17
Twentynine Palms,1,US,1581401089,76,34.14,-116.05,55.4,12.75
Dalaba,0,GN,1581401218,30,10.7,-12.25,61.59,1.66
Eureka,1,US,1581400985,100,40.8,-124.16,43.0,3.36
Magistralnyy,100,RU,1581401219,72,56.17,107.45,11.48,5.77
Rio Cuarto,6,AR,1581401219,60,-33.13,-64.35,63.7,10.16
Lagos,3,NG,1581400968,94,6.58,3.75,78.8,3.56
Namatanai,95,PG,1581401219,75,-3.67,152.43,84.09,11.36
Bathurst,98,AU,1581401220,59,-33.42,149.58,73.0,1.01
Atar,0,MR,1581401220,15,20.52,-13.05,62.51,11.25
Kadiri,62,IN,1581401220,41,14.12,78.17,80.98,14.25
Qandala,4,SO,1581401221,66,11.47,49.87,73.08,3.62
Manaure,0,CO,1581401221,79,11.78,-72.44,77.58,30.53
Torit,15,SS,1581401221,17,4.41,32.57,82.98,7.61
Sorland,100,NO,1581401221,77,67.67,12.69,40.87,17.31
Nouadhibou,0,MR,1581401222,29,20.93,-17.03,66.2,17.22
Basco,59,PH,1581401222,72,20.45,121.97,72.48,19.53
Opuwo,0,NA,1581401222,36,-18.06,13.84,66.85,8.19
Bo Phloi,36,TH,1581401222,33,14.32,99.52,90.91,9.75
Kukshi,0,IN,1581401222,32,22.2,74.75,81.23,6.24
Wajima,75,JP,1581401223,48,37.4,136.9,41.0,4.7
Kita,0,ML,1581400924,20,13.03,-9.49,67.77,4.63
Wainwright,100,CA,1581401223,84,52.84,-110.86,22.5,11.21
Tigil,100,RU,1581401223,89,57.8,158.67,4.5,13.87
Saint George's,75,GD,1581401223,74,12.06,-61.75,78.8,11.41
Fairbanks,90,US,1581401132,83,64.84,-147.72,-4.0,5.82
Katsuura,20,JP,1581401224,31,35.13,140.3,54.0,4.7
Rawson,24,AR,1581401224,61,-43.3,-65.1,69.03,23.96
Mateus Leme,75,BR,1581401224,88,-19.99,-44.43,69.8,1.88
Nuuk,94,GL,1581401225,61,64.18,-51.72,12.2,17.22
Tura,0,IN,1581401225,31,25.52,90.22,76.69,6.67
Chu,100,KZ,1581401226,94,43.6,73.76,30.0,4.54
Murray Bridge,0,AU,1581401195,85,-35.12,139.27,81.0,3.0
Tautira,40,PF,1581401226,70,-17.73,-149.15,84.2,3.36
Kavieng,100,PG,1581401226,79,-2.57,150.8,83.08,16.82
Peniche,40,PT,1581401226,93,39.36,-9.38,57.0,3.36
Assiut,0,EG,1581401227,70,27.18,31.18,44.6,8.05
Fruitville,20,US,1581401228,94,27.33,-82.46,72.0,5.82
Kibre Mengist,0,ET,1581401228,42,5.88,38.98,72.86,1.05
Lakatoro,75,VU,1581401228,94,-16.1,167.42,82.4,9.17
Bondo,9,CD,1581401228,21,3.81,23.69,72.84,6.58
Zanesville,90,US,1581401228,93,39.94,-82.01,39.2,4.7
Cochrane,1,CA,1581401229,78,51.18,-114.47,26.01,2.24
Sinazongwe,73,ZM,1581401229,86,-17.26,27.46,75.45,8.97
Fengcheng,100,CN,1581401229,71,40.45,124.07,36.86,3.47
Fortuna,1,US,1581401230,100,40.6,-124.16,43.0,3.36
Hualmay,100,PE,1581401230,79,-11.1,-77.61,70.32,4.61
Cotonou,40,BJ,1581401230,94,6.37,2.42,78.8,2.24
Kota Belud,75,MY,1581401185,66,6.35,116.43,89.6,3.36
Soubre,90,CI,1581401231,85,5.79,-6.61,75.07,1.19
Sabya,75,SA,1581401232,73,17.15,42.63,77.0,6.93
Adancata,46,RO,1581401232,74,47.73,26.3,36.0,8.05
Mogadishu,75,SO,1581401232,69,2.04,45.34,80.6,6.93
Mahon,1,ES,1581401232,100,39.89,4.27,53.6,5.82
Tocopilla,86,CL,1581401233,59,-22.09,-70.2,58.6,1.52
Milledgeville,90,US,1581401233,87,33.08,-83.23,66.2,8.68
Leshukonskoye,100,RU,1581401233,89,64.9,45.76,30.49,13.85
Gawler,20,AU,1581401234,60,-34.6,138.73,81.0,24.16
Buy,100,RU,1581401234,91,58.48,41.53,26.51,16.22
Sioux Lookout,40,CA,1581401234,85,50.1,-91.92,17.6,6.93
Hohhot,0,CN,1581401234,33,40.81,111.65,44.6,2.24
Rapar,0,IN,1581401235,21,23.57,70.63,78.66,9.01
Ginir,0,ET,1581401235,31,7.13,40.7,71.26,2.51
Bengbu,100,CN,1581401235,92,32.94,117.36,49.08,4.7
Agen,100,FR,1581401235,81,44.2,0.63,55.0,12.75
Sarany,100,RU,1581401235,94,58.5,58.88,11.98,14.16
Nome,1,US,1581400955,68,64.5,-165.41,-17.0,4.14
Prainha,2,BR,1581401236,99,-1.8,-53.48,72.55,2.28
Mudon,50,MM,1581401237,38,16.26,97.72,88.45,7.38
Waingapu,96,ID,1581401237,69,-9.66,120.26,83.52,8.9
Merauke,75,ID,1581401238,83,-8.47,140.33,82.76,13.2
Moose Jaw,5,CA,1581401238,84,50.4,-105.53,8.6,8.05
Mana,26,GF,1581401238,98,5.66,-53.78,72.81,2.08
Kangaatsiaq,64,GL,1581401238,95,68.31,-53.46,2.48,12.41
Carutapera,88,BR,1581401238,81,-1.2,-46.02,80.65,12.93
Biscarrosse,90,FR,1581401239,82,44.39,-1.17,55.4,11.41
Mogok,14,MM,1581401239,39,22.92,96.5,74.52,4.65
Huilong,100,CN,1581401239,95,31.81,121.66,52.0,4.0
Thomaston,90,US,1581401239,100,32.89,-84.33,66.2,8.59
Batemans Bay,62,AU,1581401239,86,-35.72,150.18,78.01,5.01
Andros Town,12,BS,1581401241,64,24.7,-77.77,73.99,10.04
Ubari,0,LY,1581401241,43,26.59,12.78,46.36,3.67
Terney,52,RU,1581401242,52,45.05,136.61,28.72,3.44
Great Falls,1,US,1581401242,73,47.5,-111.3,25.0,14.99
Klichka,80,RU,1581401242,87,50.45,118.0,15.35,2.06
Kandrian,97,PG,1581401243,79,-6.22,149.55,81.23,11.74
Port Hardy,75,CA,1581401243,100,50.7,-127.42,37.4,6.93
Iskateley,100,RU,1581401244,93,67.68,53.15,30.36,20.02
Birjand,20,IR,1581401244,34,32.87,59.22,53.6,13.87
Bontang,100,ID,1581401244,66,0.13,117.5,83.57,8.66
Pangai,75,TO,1581401244,88,-19.8,-174.35,80.6,9.17
Kiryat Gat,75,IL,1581401245,81,31.61,34.76,48.0,8.05
Sosva,76,RU,1581401245,87,59.18,61.86,18.84,11.18
Salinas,1,US,1581401104,48,36.68,-121.66,53.01,2.66
Macapa,75,BR,1581400954,100,0.04,-51.07,78.8,5.82
Yenagoa,26,NG,1581401245,97,4.92,6.26,73.65,3.22
Cuiluan,45,CN,1581401246,81,47.72,128.65,29.64,12.3
Khorinsk,100,RU,1581401246,79,52.17,109.77,27.25,2.93
Arlit,27,NE,1581401246,15,18.74,7.39,62.73,13.0
Darhan,0,MN,1581401246,69,49.49,105.92,28.2,1.57
Zhalantun,9,CN,1581401247,84,48.0,122.72,17.74,3.69
Faya,75,SA,1581401247,93,18.39,42.45,57.2,18.34
Bethanien,0,NA,1581401247,40,-26.5,17.16,72.79,2.46
Den Helder,90,NL,1581401247,71,52.96,4.76,43.0,38.03
Santa Maria,0,BR,1581401247,87,-29.68,-53.81,58.62,4.16
Pangnirtung,100,CA,1581401248,96,66.15,-65.71,-26.7,2.57
Camana,98,PE,1581401248,84,-16.62,-72.71,66.29,1.68
Marsaxlokk,0,MT,1581401248,76,35.84,14.54,57.99,12.75
Madang,100,PG,1581401248,78,-5.22,145.8,84.22,15.43
Yurgamysh,0,RU,1581401248,87,55.37,64.47,8.58,8.79
Qarqin,91,AF,1581401249,73,37.42,66.04,54.41,15.05
Andrelandia,100,BR,1581401249,97,-21.74,-44.31,64.92,1.9
Quatre Cocos,40,MU,1581401249,94,-20.21,57.76,81.0,13.87
Dubai,20,AE,1581401249,73,25.26,55.3,71.6,10.29
San-Pedro,100,CI,1581401249,79,4.75,-6.64,82.13,11.92
Inhambane,96,MZ,1581401250,75,-23.86,35.38,82.36,10.8
Alexandria,40,EG,1581401153,93,31.22,29.96,51.8,4.7
Canoa,0,DO,1581401250,89,18.36,-71.16,67.41,2.46
Prelouc,40,CZ,1581401250,65,50.04,15.56,41.0,24.16
Kirakira,100,SB,1581401250,76,-10.45,161.92,82.98,9.53
Olkhovka,46,RU,1581401251,89,53.21,60.61,11.32,13.33
Avanuorri,75,NO,1581401251,96,71.0,24.66,33.8,13.87
Morehead,90,US,1581401251,100,37.27,-87.18,39.99,8.05
Goderich,67,CA,1581401046,89,43.75,-81.72,30.0,1.01
Wanaque,90,US,1581401251,93,41.04,-74.29,45.0,2.37
Lucea,20,JM,1581401252,78,18.45,-78.17,77.0,4.7
Elizabeth City,90,US,1581401252,88,36.29,-76.25,64.4,9.17
